{
  "cox": {
    "c_index": 0.8502202643171806
  },
  "rsf": {
    "c_index": 0.13215859030837004
  },
  "lstm": {
    "c_index": 0.6740088105726872
  },
  "ensemble": {
    "c_index": 0.19383259911894274
  }
}